{
    "loss": 17.615612030029297,
    "accuracy": 0.48201438784599304
}