{
    "loss": 7.4188714027404785,
    "accuracy": 0.5035971403121948
}