{
    "loss": 11.230504035949707,
    "accuracy": 0.5035971403121948
}